<?xml version="1.0" encoding="UTF-8"?>
<dgm:gDiagram xmlns:dgm="http://xmlns.oracle.com/sca/soadgm">
    <dgm:gService name="Mediator1_ep">
        <dgm:body borderWidth="2" arcRad="20" X="21" Y="145" width="137" height="84">
            <dgm:borderColor r="153" g="153" b="153"/>
            <dgm:bgColor r="255" g="255" b="255"/>
        </dgm:body>
        <dgm:shadow arcRad="20" X="11" Y="138" width="156" height="98">
            <dgm:bgColor r="196" g="228" b="240"/>
        </dgm:shadow>
        <dgm:outputPort name="Mediator1_ep" X="127" Y="0" diameter="20" imageURI="oracle/tip/tools/ide/fabric/resource/image/visuals_rd1/servicereference.png" interface="http://xmlns.oracle.com/Batch8_Application/Mediator/Mediator1#wsdl.interface(execute_ptt)"/>
        <dgm:nodeIcon URI="/oracle/tip/tools/ide/adapters/designtime/adapter/images/soap_service_20x20.png" X="20" Y="4" width="20" height="20"/>
        <dgm:operations>
            <dgm:item>execute</dgm:item>
        </dgm:operations>
    </dgm:gService>
    <dgm:gReference name="Multiplication">
        <dgm:body borderWidth="2" arcRad="20" X="716" Y="26" width="136" height="84">
            <dgm:borderColor r="153" g="153" b="153"/>
            <dgm:bgColor r="255" g="255" b="255"/>
        </dgm:body>
        <dgm:shadow arcRad="20" X="706" Y="19" width="156" height="98">
            <dgm:bgColor r="196" g="228" b="240"/>
        </dgm:shadow>
        <dgm:inputPort name="Multiplication" X="-10" Y="0" diameter="20" imageURI="oracle/tip/tools/ide/fabric/resource/image/visuals_rd1/servicereference.png" interface="http://xmlns.oracle.com/Batch8_Application/Multiplication/MultiplicationBPEL#wsdl.interface(MultiplicationBPEL)"/>
        <dgm:nodeIcon URI="/oracle/tip/tools/ide/adapters/designtime/adapter/images/soap_service_20x20.png" X="27" Y="4" width="20" height="20"/>
        <dgm:operations>
            <dgm:item>process</dgm:item>
        </dgm:operations>
    </dgm:gReference>
    <dgm:gReference name="Substraction">
        <dgm:body borderWidth="2" arcRad="20" X="716" Y="144" width="136" height="84">
            <dgm:borderColor r="153" g="153" b="153"/>
            <dgm:bgColor r="255" g="255" b="255"/>
        </dgm:body>
        <dgm:shadow arcRad="20" X="706" Y="137" width="156" height="98">
            <dgm:bgColor r="196" g="228" b="240"/>
        </dgm:shadow>
        <dgm:inputPort name="Substraction" X="-10" Y="0" diameter="20" imageURI="oracle/tip/tools/ide/fabric/resource/image/visuals_rd1/servicereference.png" interface="http://xmlns.oracle.com/Batch8_Application/SubstractionOfTwoNumbers/SubstractionOfTwoNumbersBPEL#wsdl.interface(SubstractionOfTwoNumbersBPEL)"/>
        <dgm:nodeIcon URI="/oracle/tip/tools/ide/adapters/designtime/adapter/images/soap_service_20x20.png" X="27" Y="4" width="20" height="20"/>
        <dgm:operations>
            <dgm:item>process</dgm:item>
        </dgm:operations>
    </dgm:gReference>
    <dgm:gReference name="AdditionOfTwoNumbers">
        <dgm:body borderWidth="2" arcRad="20" X="716" Y="262" width="136" height="84">
            <dgm:borderColor r="153" g="153" b="153"/>
            <dgm:bgColor r="255" g="255" b="255"/>
        </dgm:body>
        <dgm:shadow arcRad="20" X="706" Y="255" width="156" height="98">
            <dgm:bgColor r="196" g="228" b="240"/>
        </dgm:shadow>
        <dgm:inputPort name="AdditionOfTwoNumbers" X="-10" Y="0" diameter="20" imageURI="oracle/tip/tools/ide/fabric/resource/image/visuals_rd1/servicereference.png" interface="http://xmlns.oracle.com/Batch8_Application/AdditionOfTwoNumbers/AdditioOfTwoNumbersBPEL#wsdl.interface(AdditioOfTwoNumbersBPEL)"/>
        <dgm:nodeIcon URI="/oracle/tip/tools/ide/adapters/designtime/adapter/images/soap_service_20x20.png" X="27" Y="4" width="20" height="20"/>
        <dgm:operations>
            <dgm:item>process</dgm:item>
        </dgm:operations>
    </dgm:gReference>
    <dgm:gComponent name="Mediator1">
        <dgm:body borderWidth="2" arcRad="20" X="372" Y="130" width="130" height="111">
            <dgm:borderColor r="128" g="92" b="148"/>
            <dgm:lightBgColor r="208" g="169" b="227"/>
            <dgm:darkBgColor r="183" g="132" b="212"/>
        </dgm:body>
        <dgm:shadow arcRad="20" X="362" Y="123" width="150" height="127">
            <dgm:bgColor r="196" g="228" b="240"/>
        </dgm:shadow>
        <dgm:inputPort name="Mediator1" X="-10" Y="15" diameter="20" imageURI="oracle/tip/tools/ide/fabric/resource/image/visuals_rd1/servicereference.png" interface="http://xmlns.oracle.com/Batch8_Application/Mediator/Mediator1#wsdl.interface(execute_ptt)"/>
        <dgm:outputPort name="Multiplication" X="120" Y="15" diameter="20" imageURI="oracle/tip/tools/ide/fabric/resource/image/visuals_rd1/servicereference.png" interface="http://xmlns.oracle.com/Batch8_Application/Multiplication/MultiplicationBPEL#wsdl.interface(MultiplicationBPEL)"/>
        <dgm:outputPort name="Substraction" X="120" Y="40" diameter="20" imageURI="oracle/tip/tools/ide/fabric/resource/image/visuals_rd1/servicereference.png" interface="http://xmlns.oracle.com/Batch8_Application/SubstractionOfTwoNumbers/SubstractionOfTwoNumbersBPEL#wsdl.interface(SubstractionOfTwoNumbersBPEL)"/>
        <dgm:outputPort name="AdditionOfTwoNumbers" X="120" Y="65" diameter="20" imageURI="oracle/tip/tools/ide/fabric/resource/image/visuals_rd1/servicereference.png" interface="http://xmlns.oracle.com/Batch8_Application/AdditionOfTwoNumbers/AdditioOfTwoNumbersBPEL#wsdl.interface(AdditioOfTwoNumbersBPEL)"/>
        <dgm:nodeIcon URI="/oracle/tip/tools/ide/mediator/resource/image/mediator_20x20.png" X="10" Y="4" width="20" height="20"/>
    </dgm:gComponent>
    <dgm:gWireLink source="Mediator1_ep" target="Mediator1/Mediator1" width="2">
        <dgm:gSegment X1="168" Y1="155" X2="362" Y2="155"/>
        <dgm:baseColor r="153" g="153" b="153"/>
        <dgm:selectedColor r="49" g="106" b="196"/>
    </dgm:gWireLink>
    <dgm:gWireLink source="Mediator1/Multiplication" target="Multiplication" width="2">
        <dgm:gSegment X1="512" Y1="155" X2="536" Y2="155"/>
        <dgm:gSegment X1="536" Y1="155" X2="536" Y2="36"/>
        <dgm:gSegment X1="536" Y1="36" X2="706" Y2="36"/>
        <dgm:baseColor r="153" g="153" b="153"/>
        <dgm:selectedColor r="49" g="106" b="196"/>
    </dgm:gWireLink>
    <dgm:gWireLink source="Mediator1/Substraction" target="Substraction" width="2">
        <dgm:gSegment X1="512" Y1="180" X2="551" Y2="180"/>
        <dgm:gSegment X1="551" Y1="180" X2="551" Y2="154"/>
        <dgm:gSegment X1="551" Y1="154" X2="706" Y2="154"/>
        <dgm:baseColor r="153" g="153" b="153"/>
        <dgm:selectedColor r="49" g="106" b="196"/>
    </dgm:gWireLink>
    <dgm:gWireLink source="Mediator1/AdditionOfTwoNumbers" target="AdditionOfTwoNumbers" width="2">
        <dgm:gSegment X1="512" Y1="205" X2="536" Y2="205"/>
        <dgm:gSegment X1="536" Y1="205" X2="536" Y2="272"/>
        <dgm:gSegment X1="536" Y1="272" X2="706" Y2="272"/>
        <dgm:baseColor r="153" g="153" b="153"/>
        <dgm:selectedColor r="49" g="106" b="196"/>
    </dgm:gWireLink>
</dgm:gDiagram>