<?xml version="1.0" encoding="UTF-8" ?>
<!-- Generated by Oracle SOA Modeler version 12.2.1.4.0.190828 at [1/10/24 2:29 PM]. -->
<composite name="Mediator"
           revision="1.0"
           label="2024-01-10_14-29-44_476"
           mode="active"
           state="on"
           xmlns="http://xmlns.oracle.com/sca/1.0"
           xmlns:xs="http://www.w3.org/2001/XMLSchema"
           xmlns:wsp="http://schemas.xmlsoap.org/ws/2004/09/policy"
           xmlns:orawsp="http://schemas.oracle.com/ws/2006/01/policy"
           xmlns:ui="http://xmlns.oracle.com/soa/designer/"
           xmlns:sca-ext="http://xmlns.oracle.com/sca/1.0-ext">
  <import namespace="http://xmlns.oracle.com/Batch8_Application/Mediator/Mediator1" location="WSDLs/Mediator1.wsdl"
          importType="wsdl"/>
  <import namespace="http://xmlns.oracle.com/Batch8_Application/Multiplication/MultiplicationBPEL"
          location="WSDLs/multiplicationbpel_client_ep.wsdl" importType="wsdl"/>
  <import namespace="http://xmlns.oracle.com/Batch8_Application/Multiplication/MultiplicationBPEL"
          location="http://Anusha-Pc:7101/soa-infra/services/Batch8/Multiplication!1.0/WSDLs/MultiplicationBPEL.wsdl"
          importType="wsdl"/>
  <import namespace="http://xmlns.oracle.com/Batch8_Application/SubstractionOfTwoNumbers/SubstractionOfTwoNumbersBPEL"
          location="WSDLs/substractionoftwonumbersbpel_client_ep.wsdl" importType="wsdl"/>
  <import namespace="http://xmlns.oracle.com/Batch8_Application/SubstractionOfTwoNumbers/SubstractionOfTwoNumbersBPEL"
          location="http://anusha-pc:7101/soa-infra/services/Batch8/SubstractionOfTwoNumbers!1.0/WSDLs/SubstractionOfTwoNumbersBPEL.wsdl"
          importType="wsdl"/>
  <import namespace="http://xmlns.oracle.com/Batch8_Application/AdditionOfTwoNumbers/AdditioOfTwoNumbersBPEL"
          location="WSDLs/additiooftwonumbersbpel_client_ep.wsdl" importType="wsdl"/>
  <import namespace="http://xmlns.oracle.com/Batch8_Application/AdditionOfTwoNumbers/AdditioOfTwoNumbersBPEL"
          location="http://anusha-pc:7101/soa-infra/services/Batch8/AdditionOfTwoNumbers!1.0/WSDLs/AdditioOfTwoNumbersBPEL.wsdl"
          importType="wsdl"/>
  <service name="Mediator1_ep" ui:wsdlLocation="WSDLs/Mediator1.wsdl">
    <interface.wsdl interface="http://xmlns.oracle.com/Batch8_Application/Mediator/Mediator1#wsdl.interface(execute_ptt)"/>
    <binding.ws port="http://xmlns.oracle.com/Batch8_Application/Mediator/Mediator1#wsdl.endpoint(Mediator1_ep/execute_pt)"/>
  </service>
  <property name="productVersion" type="xs:string" many="false">12.2.1.4.0.190828</property>
  <property name="compositeID" type="xs:string" many="false">3906a8b1-5612-42d6-b9e2-cc7bdc752b03</property>
  <component name="Mediator1">
    <implementation.mediator src="Mediators/Mediator1.mplan"/>
    <componentType>
      <service name="Mediator1" ui:wsdlLocation="WSDLs/Mediator1.wsdl">
        <interface.wsdl interface="http://xmlns.oracle.com/Batch8_Application/Mediator/Mediator1#wsdl.interface(execute_ptt)"/>
      </service>
      <reference name="Multiplication"
                 ui:wsdlLocation="http://Anusha-Pc:7101/soa-infra/services/Batch8/Multiplication!1.0/WSDLs/MultiplicationBPEL.wsdl">
        <interface.wsdl interface="http://xmlns.oracle.com/Batch8_Application/Multiplication/MultiplicationBPEL#wsdl.interface(MultiplicationBPEL)"/>
      </reference>
      <reference name="Substraction"
                 ui:wsdlLocation="http://anusha-pc:7101/soa-infra/services/Batch8/SubstractionOfTwoNumbers!1.0/WSDLs/SubstractionOfTwoNumbersBPEL.wsdl">
        <interface.wsdl interface="http://xmlns.oracle.com/Batch8_Application/SubstractionOfTwoNumbers/SubstractionOfTwoNumbersBPEL#wsdl.interface(SubstractionOfTwoNumbersBPEL)"/>
      </reference>
      <reference name="AdditionOfTwoNumbers"
                 ui:wsdlLocation="http://anusha-pc:7101/soa-infra/services/Batch8/AdditionOfTwoNumbers!1.0/WSDLs/AdditioOfTwoNumbersBPEL.wsdl">
        <interface.wsdl interface="http://xmlns.oracle.com/Batch8_Application/AdditionOfTwoNumbers/AdditioOfTwoNumbersBPEL#wsdl.interface(AdditioOfTwoNumbersBPEL)"/>
      </reference>
    </componentType>
  </component>
  <reference name="Multiplication" ui:wsdlLocation="WSDLs/multiplicationbpel_client_ep.wsdl">
    <interface.wsdl interface="http://xmlns.oracle.com/Batch8_Application/Multiplication/MultiplicationBPEL#wsdl.interface(MultiplicationBPEL)"/>
    <binding.ws port="http://xmlns.oracle.com/Batch8_Application/Multiplication/MultiplicationBPEL#wsdl.endpoint(multiplicationbpel_client_ep/MultiplicationBPEL_pt)"
                location="http://Anusha-Pc:7101/soa-infra/services/Batch8/Multiplication/multiplicationbpel_client_ep?WSDL"
                soapVersion="1.1">
      <property name="weblogic.wsee.wsat.transaction.flowOption" type="xs:string" many="false">WSDLDriven</property>
    </binding.ws>
  </reference>
  <reference name="Substraction" ui:wsdlLocation="WSDLs/substractionoftwonumbersbpel_client_ep.wsdl">
    <interface.wsdl interface="http://xmlns.oracle.com/Batch8_Application/SubstractionOfTwoNumbers/SubstractionOfTwoNumbersBPEL#wsdl.interface(SubstractionOfTwoNumbersBPEL)"/>
    <binding.ws port="http://xmlns.oracle.com/Batch8_Application/SubstractionOfTwoNumbers/SubstractionOfTwoNumbersBPEL#wsdl.endpoint(substractionoftwonumbersbpel_client_ep/SubstractionOfTwoNumbersBPEL_pt)"
                location="http://anusha-pc:7101/soa-infra/services/Batch8/SubstractionOfTwoNumbers/substractionoftwonumbersbpel_client_ep?WSDL"
                soapVersion="1.1">
      <property name="weblogic.wsee.wsat.transaction.flowOption" type="xs:string" many="false">WSDLDriven</property>
    </binding.ws>
  </reference>
  <reference name="AdditionOfTwoNumbers" ui:wsdlLocation="WSDLs/additiooftwonumbersbpel_client_ep.wsdl">
    <interface.wsdl interface="http://xmlns.oracle.com/Batch8_Application/AdditionOfTwoNumbers/AdditioOfTwoNumbersBPEL#wsdl.interface(AdditioOfTwoNumbersBPEL)"/>
    <binding.ws port="http://xmlns.oracle.com/Batch8_Application/AdditionOfTwoNumbers/AdditioOfTwoNumbersBPEL#wsdl.endpoint(additiooftwonumbersbpel_client_ep/AdditioOfTwoNumbersBPEL_pt)"
                location="http://anusha-pc:7101/soa-infra/services/Batch8/AdditionOfTwoNumbers/additiooftwonumbersbpel_client_ep?WSDL"
                soapVersion="1.1">
      <property name="weblogic.wsee.wsat.transaction.flowOption" type="xs:string" many="false">WSDLDriven</property>
    </binding.ws>
  </reference>
  <wire>
    <source.uri>Mediator1_ep</source.uri>
    <target.uri>Mediator1/Mediator1</target.uri>
  </wire>
  <wire>
    <source.uri>Mediator1/Multiplication</source.uri>
    <target.uri>Multiplication</target.uri>
  </wire>
  <wire>
    <source.uri>Mediator1/Substraction</source.uri>
    <target.uri>Substraction</target.uri>
  </wire>
  <wire>
    <source.uri>Mediator1/AdditionOfTwoNumbers</source.uri>
    <target.uri>AdditionOfTwoNumbers</target.uri>
  </wire>
</composite>
